Top queries,Clicks,Impressions,CTR,Position
flexikitch,1179,5938,19.86%,1.66
flexikitch pty ltd,109,386,28.24%,1.3
flexi kitchen,76,950,8%,3.14
second hand commercial fridge,49,1539,3.18%,7.67
factors to consider when choosing kitchen equipment,46,551,8.35%,1.97
state 10 points to consider when choosing kitchen utensils and equipment,36,603,5.97%,1.96
factors to consider when selecting kitchen equipment,35,485,7.22%,2.2
second hand commercial fridges for sale,30,1119,2.68%,6.34
flexi kitch,30,153,19.61%,1.74
teppanyaki grill,27,6267,0.43%,12.02
second hand glass door fridges for sale,26,483,5.38%,5.99
second hand commercial fridges,24,522,4.6%,6.24
used commercial fridge for sale,24,409,5.87%,5.81
undercover roasters,18,3627,0.5%,8.38
factors to consider when purchasing kitchen equipment,17,289,5.88%,2.55
factors to consider when choosing kitchen tools and equipment,17,281,6.05%,1.72
brullen i26 pro,16,944,1.69%,8.75
saeco coffee machine,16,474,3.38%,27.18
commercial fridge second hand,16,332,4.82%,5.52
cake display,15,5507,0.27%,13.21
hospitality equipment finance,15,3437,0.44%,15.37
counter top display fridge second hand,15,1065,1.41%,7.47
second hand commercial freezer,15,448,3.35%,18.42
xsscc,15,256,5.86%,3.32
sushi display fridge,13,2715,0.48%,12.91
cake display fridge second hand,13,552,2.36%,7.53
used commercial fridge,13,428,3.04%,10.43
commercial freezer second hand,13,315,4.13%,8.18
open display fridge for sale second hand,13,285,4.56%,5.72
cafe equipment list,12,1327,0.9%,12.72
wega atlas 3 group,12,1008,1.19%,3.43
kitchen equipment finance,12,504,2.38%,9.42
bench top cake display cabinets,12,313,3.83%,3.08
flex kitchen,12,152,7.89%,6.19
rent to keep,11,1332,0.83%,21.47
second hand commercial drinks fridge,11,291,3.78%,7.61
used display fridges for sale,11,289,3.81%,7.78
used commercial fridges,11,219,5.02%,6.8
coffee shop equipment list,10,4834,0.21%,12.4
commercial kitchen equipment finance,10,3568,0.28%,22.39
brullen,10,2496,0.4%,9.77
eswood es25,10,1087,0.92%,11.07
second hand display fridge,10,979,1.02%,4.97
5 factors to consider when choosing restaurant equipment,10,382,2.62%,3.82
gelmatic soft serve machine,10,300,3.33%,9.61
winterhalter dmx,10,137,7.3%,2.67
orange juicer,9,10735,0.08%,15.76
tomato corer,9,1449,0.62%,11.28
undercover roasters bendigo,9,361,2.49%,4.47
used commercial freezer,9,221,4.07%,18.67
display fridge second hand,9,218,4.13%,7.22
factors to consider when buying kitchen essentials,9,175,5.14%,2.78
andrew blinco,9,46,19.57%,7.93
bain marie,8,21169,0.04%,16.16
bratt pan,8,10884,0.07%,11.92
combi oven,8,10253,0.08%,45.69
pie warmer,8,6650,0.12%,40.3
wega atlas 2 group,8,1389,0.58%,6.09
automatic orange juicer,8,662,1.21%,6.21
factors to consider when buying kitchen equipment,8,261,3.07%,2.7
2nd hand commercial fridge,8,251,3.19%,7.44
second hand drinks fridge,8,142,5.63%,6.7
second hand commercial freezers,8,118,6.78%,17.82
flexikitchen,8,101,7.92%,2.05
unox oven cleaner,8,95,8.42%,19.16
brat pan,7,3847,0.18%,8.45
ice cream display freezer hire,7,1725,0.41%,6.22
commercial kitchen equipment hire,7,1138,0.62%,23.41
jura giga 5,7,631,1.11%,38.2
lease kitchen equipment,7,538,1.3%,24.52
merrychef e2s,7,426,1.64%,16.74
anvil pizza oven,7,401,1.75%,6.6
spidocook sandwich press,7,381,1.84%,4.89
eswood es25 dishwasher manual,7,271,2.58%,6.49
commercial kitchen lease,7,270,2.59%,10.5
classeq c500,7,243,2.88%,13.63
marinus jansen,7,229,3.06%,7.86
how many sinks are required in a commercial kitchen,7,213,3.29%,4.93
used commercial fridges for sale,7,196,3.57%,6.31
reverse osmosis glass washer,7,160,4.38%,7.37
2nd hand commercial fridges,7,155,4.52%,7.56
leasing commercial kitchen equipment,7,90,7.78%,23.43
flexkitchen,7,18,38.89%,1.06
commercial refrigeration,6,17218,0.03%,22.52
hospitality finance,6,943,0.64%,6.77
nn-sf57qs,6,770,0.78%,7.76
benchtop cooktop,6,735,0.82%,6.03
brullen soft serve machine,6,690,0.87%,10.19
commercial upright freezer second hand,6,635,0.94%,4.93
brullen i91 pro,6,510,1.18%,9.72
schnitzel master,6,358,1.68%,8.35
underbar chiller,6,285,2.11%,5.71
stephen fanous,6,220,2.73%,9.17
marketplace fresh,6,140,4.29%,4.66
portable ice cream freezer,6,140,4.29%,15.1
commercial fridge used,6,109,5.5%,4.02
sd117,6,94,6.38%,5.31
commercial kitchen equipment lease,6,85,7.06%,13.35
refurbished commercial fridge,6,78,7.69%,4.27
chef master can opener,6,61,9.84%,8.75
bain marie food warmer,5,4116,0.12%,20.11
ice cream machine,5,3985,0.13%,38.34
cake display cabinet,5,2998,0.17%,19.73
centrifugal juicer,5,2797,0.18%,9.46
lease commercial kitchen equipment,5,1213,0.41%,16.44
commercial orange juicer,5,1086,0.46%,11.32
unox oven,5,936,0.53%,23.12
automatic citrus juicer,5,707,0.71%,6.52
induction benchtop,5,615,0.81%,8.71
hoshizaki ice machine,5,573,0.87%,38.44
factors to consider when selecting equipment,5,524,0.95%,6.13
rent commercial kitchen equipment,5,512,0.98%,7.48
unox bakertop,5,451,1.11%,18.24
teppanyaki grill for sale,5,406,1.23%,10.94
365 food store,5,289,1.73%,8.49
factors to consider when choosing small kitchen tools and equipment,5,280,1.79%,2.76
woodson heat lamp,5,259,1.93%,7.12
frymaster mj140,5,240,2.08%,17.72
second hand commercial fridges brisbane,5,224,2.23%,7.7
skymsen blender,5,172,2.91%,5.44
mj140,5,168,2.98%,14.58
gelmatic bc easy 2 gr,5,160,3.12%,8.35
eswood smartwash 900 manual,5,143,3.5%,8.93
the hatter and the hare reviews,5,135,3.7%,17.76
gaggia la brillante,5,127,3.94%,20.39
factors to consider when purchasing kitchen essentials,5,126,3.97%,2.65
xwarc-07ef-h,5,126,3.97%,6.67
second hand commercial fridges for sale perth wa,5,121,4.13%,9.6
panasonic 27l flatbed inverter microwave,5,116,4.31%,28.1
used commercial freezer for sale,5,113,4.42%,8.45
bc easy 2 gr,5,90,5.56%,7.11
stainless steel splashback,5,15,33.33%,2.13
deep fryer,4,10891,0.04%,59.44
pasta cooker,4,4013,0.1%,20.77
ambient display cabinet,4,3019,0.13%,18.1
kitchen equipment,4,2999,0.13%,42.46
ambient food display cabinet,4,2058,0.19%,13.66
countertop prep fridge,4,2011,0.2%,13.88
teppanyaki grills,4,1946,0.21%,11.67
refrigerated bain marie,4,1819,0.22%,10.39
what is a combi oven,4,1618,0.25%,21.89
island freezer,4,1427,0.28%,19.68
deck oven,4,1238,0.32%,26.32
counter top prep fridge,4,1154,0.35%,15.82
second hand bar fridge,4,1150,0.35%,10.5
used commercial refrigerator,4,1057,0.38%,2.95
perfect fry company,4,907,0.44%,11
combi oven vs convection oven,4,878,0.46%,9.7
8 burner gas stove,4,761,0.53%,12.13
robot coupe attachments,4,707,0.57%,9.39
small cafe equipment list,4,604,0.66%,11.19
cake cabinet,4,505,0.79%,8.65
pressure toaster,4,478,0.84%,4.04
gas teppanyaki grill,4,472,0.85%,11.48
musso ice cream maker,4,442,0.9%,26.67
potwash,4,436,0.92%,5.45
make up air,4,371,1.08%,10.81
staff ice cream machine,4,358,1.12%,5.47
merrychef oven,4,354,1.13%,49.62
flexikitch reviews,4,353,1.13%,2.14
woodson hot food display,4,341,1.17%,7.36
used commercial freezers,4,325,1.23%,18.69
undercover coffee roasters,4,269,1.49%,7.67
musso ice cream maker australia,4,263,1.52%,26.07
electrolux eht8g,4,260,1.54%,6.67
brullen i95 pro,4,249,1.61%,8.89
teppanyaki cooker,4,244,1.64%,6.28
second hand display fridges for sale,4,217,1.84%,10.99
rent to own kitchen appliances,4,193,2.07%,11.1
criocabin enixe,4,180,2.22%,10.18
baby brullen,4,166,2.41%,11.11
used commercial fridge freezer combo,4,148,2.7%,47.82
e65s gbw,4,145,2.76%,12.99
anvil stand,4,144,2.78%,11.22
robot coupe slicer attachment,4,143,2.8%,16.31
used cake display fridge for sale,4,124,3.23%,6.91
xlvi steamhammer manual pdf,4,120,3.33%,9.47
kitchen lease,4,114,3.51%,6.91
nn-sf57qsqpq,4,112,3.57%,12.21
la marzocco gs3 av,4,100,4%,17.43
gel matic soft serve machine,4,94,4.26%,9.73
glass cake cabinet,4,82,4.88%,8.34
second hand commercial fridge for sale,4,79,5.06%,8.59
second hand glass door fridge,4,77,5.19%,8.79
winterhalter f420,4,74,5.41%,8.68
used glass door fridge for sale,4,68,5.88%,5.03
cleaners sink,4,64,6.25%,33.34
commercial freezer used,4,62,6.45%,4.27
cold bain marie table top,4,61,6.56%,11.18
gs3 av,4,58,6.9%,10.07
arneg daytona,4,57,7.02%,4.84
second hand display fridges,4,52,7.69%,8.85
commercial fridge for sale second hand,4,50,8%,5.48
pasmo s930t,4,49,8.16%,6
unox db1076a0,4,49,8.16%,7.82
freezer commercial used,4,40,10%,3.62
used drink fridge,4,35,11.43%,11.8
mahlkönig e65s,4,30,13.33%,14.13
refurbished display fridge,4,29,13.79%,8.52
gelmatic frozen yogurt machine,4,25,16%,8.64
selection of kitchen equipment,4,22,18.18%,2.05
unox det&rinse,4,20,20%,7.1
factors to consider when selecting kitchen tools and equipment,4,11,36.36%,2.09
commercial refrigeration melbourne,3,7432,0.04%,15.55
bain maries,3,6039,0.05%,24.21
eswood dishwasher,3,5666,0.05%,16.13
soft serve machine,3,5139,0.06%,22.84
acai machine,3,3835,0.08%,23.8
cold bain marie,3,3042,0.1%,16.94
commercial pot washer,3,2903,0.1%,21.55
slimline fridge,3,2255,0.13%,18.43
k200m,3,1984,0.15%,10.44
orange juicer machine,3,1887,0.16%,15.18
factors to consider when selecting,3,1740,0.17%,7.02
restaurant equipment financing,3,1597,0.19%,21.12
frozen yogurt machine,3,1486,0.2%,25.19
commercial bain marie for sale,3,1319,0.23%,16.18
the hatter and the hare,3,1218,0.25%,16.98
automatic juicer,3,1064,0.28%,6.78
rent to own commercial kitchen equipment,3,1054,0.28%,20.3
wega polaris 2 group,3,1001,0.3%,13.84
rent to own restaurant equipment,3,897,0.33%,9.07
benchtop induction cooktop,3,896,0.33%,16.5
restaurant equipment leasing,3,887,0.34%,15.66
teppanyaki grill plate,3,839,0.36%,36.08
bench top stove,3,788,0.38%,11.55
island fridge,3,777,0.39%,36.08
refurbished coffee machines,3,767,0.39%,17.86
how many sinks should a commercial kitchen have as a minimum,3,681,0.44%,8.44
used display freezer,3,659,0.46%,11.44
small bain marie,3,620,0.48%,13.67
dry aging fridge for home,3,593,0.51%,14.48
best commercial kitchen equipment,3,515,0.58%,22.96
ambient display case,3,506,0.59%,13.3
classeq c400,3,496,0.6%,13.43
skope rf7.upf.2.sd,3,455,0.66%,9.09
second hand display freezer,3,447,0.67%,17.83
skope pizza prep fridge,3,446,0.67%,15.88
ice cream shop equipment,3,423,0.71%,7.57
skope freezer,3,422,0.71%,31.68
turbochef pizza oven,3,414,0.72%,9.5
flexi kitchens,3,393,0.76%,7.05
commercial kitchen sink requirements,3,388,0.77%,14.81
turbo chef pizza oven,3,356,0.84%,8.57
orange juice machine commercial,3,338,0.89%,9.37
ice cream equipment,3,338,0.89%,19.35
rheninghaus meat slicer,3,337,0.89%,9.64
oven trolley,3,336,0.89%,25.9
used display fridge,3,305,0.98%,13.54
skope fridges second hand,3,280,1.07%,6.03
zumex orange juice machine,3,272,1.1%,12.89
bench stove top,3,269,1.12%,4.88
convection oven vs combi oven,3,263,1.14%,7.12
fish fryer,3,256,1.17%,11.11
mecnosud sp60,3,253,1.19%,5.35
mazzer robur s manual,3,236,1.27%,6.97
difference between combi oven and convection oven,3,234,1.28%,8.61
gm1000lwcas,3,217,1.38%,19.09
dry aging fridge for sale,3,210,1.43%,14.24
cafe cake display,3,210,1.43%,18.96
wega pegaso 1 group,3,207,1.45%,12.41
commercial fridges second hand,3,205,1.46%,19.02
wall mounted salamander,3,189,1.59%,15.06
upright freezer second hand,3,173,1.73%,11.66
how many sinks in a commercial kitchen,3,170,1.76%,5.01
mahlkonig e65s gbw,3,166,1.81%,31.31
kitchen equipment rental,3,155,1.94%,13.14
pozzetti gelato display,3,149,2.01%,9.12
panasonic ne-c1275,3,142,2.11%,12.86
polar c-series upright freezer 600ltr,3,136,2.21%,10.4
orved vm18,3,134,2.24%,8.57
8 burner cooktop,3,129,2.33%,37.52
glass door fridge second hand,3,118,2.54%,6.9
brullen beast,3,113,2.65%,6.99
make-up air for commercial kitchen hoods,3,104,2.88%,21.92
used display fridge for sale,3,100,3%,6.09
mazzer major v manual,3,98,3.06%,7.92
combi oven with hood,3,96,3.12%,6.99
db1076a0,3,96,3.12%,7.95
conveyor pizza oven vs deck oven,3,94,3.19%,13.39
eht8g electrolux,3,91,3.3%,5.42
combi oven trolley,3,88,3.41%,5.61
kitchen equipment lease,3,88,3.41%,11.17
commercial kitchen equipment for lease,3,81,3.7%,43.12
spud oven,3,75,4%,11.81
used commercial display fridge,3,69,4.35%,16.84
rational cleaning tablets,3,68,4.41%,15.5
second hand commercial freezer for sale,3,66,4.55%,8.14
teppanyaki grill gas,3,65,4.62%,37.91
glass food cabinet,3,64,4.69%,12.36
commercial display fridge second hand,3,63,4.76%,6.95
robot coupe juicer attachment,3,62,4.84%,12.26
meiko k200m,3,51,5.88%,7.55
teppanyaki machine,3,51,5.88%,8.35
db1044a0,3,45,6.67%,7.56
rf7.ubr.3.sd,3,44,6.82%,6.14
3 door bar fridge second hand,3,40,7.5%,8.88
teppanyaki bbq australia,3,37,8.11%,6.05
xoma-01ns-mcdn,3,29,10.34%,4.24
used commercial fridge for sale near me,3,29,10.34%,7.07
rent to buy kitchen equipment,3,23,13.04%,1.3
robot coupe 27447,3,22,13.64%,9.5
unox oven arianna,3,22,13.64%,23.5
hobart hl200 mixer,3,16,18.75%,8.44
brullen i91 2020,3,14,21.43%,3.71
flexikitch photos,3,12,25%,3.58
milk fridge,3,12,25%,3.67
saeco automatic coffee machine,3,7,42.86%,2.29
stainless steel splashback cut to size,3,5,60%,2
commercial kitchen equipment,2,12117,0.02%,43.57
ice maker,2,10006,0.02%,25.85
commercial dishwasher,2,7036,0.03%,64.83
cafe equipment,2,4512,0.04%,42.22
commercial bain marie,2,4494,0.04%,20.41
nikos oakleigh,2,3982,0.05%,8.51
robot coupe,2,3843,0.05%,17.75
food display cabinet,2,3721,0.05%,30.2
blast chiller,2,3697,0.05%,66.14
display fridge,2,3510,0.06%,40.81
commercial ice cream maker,2,3502,0.06%,24.71
supermarket refrigeration,2,3501,0.06%,12.14
bbq stand,2,3235,0.06%,19.46
commercial kitchen sink,2,2974,0.07%,46.45
salad prep fridge,2,2786,0.07%,29.63
open display fridge,2,2705,0.07%,32.68
prep fridge,2,2677,0.07%,22.97
electric orange juicer,2,2458,0.08%,11.5
sandwich prep fridge,2,2216,0.09%,31.6
restaurant equipment finance,2,2014,0.1%,16.04
dry age fridge,2,1953,0.1%,37.91
coffee shop equipment,2,1945,0.1%,29.33
ambient cake display,2,1861,0.11%,9.78
electric citrus juicer,2,1851,0.11%,18
skope fridges,2,1809,0.11%,39.98
ambient display,2,1576,0.13%,21.83
ice cream freezer hire,2,1365,0.15%,11.5
hatter and the hare,2,1305,0.15%,14.94
benchtop ice cream freezer,2,1238,0.16%,19.94
starting a coffee shop equipment needs,2,1166,0.17%,15.57
display fridge for sale,2,1142,0.18%,17.86
commercial kitchen equipment rental,2,1129,0.18%,16.55
washtech dishwasher,2,1109,0.18%,36.6
bain marie commercial,2,1073,0.19%,15.07
stainless steel drawers,2,987,0.2%,34.4
batch freezer for sale,2,955,0.21%,37.98
gelato freezer,2,927,0.22%,49.48
commercial ice cream machine for sale,2,890,0.22%,14.02
frymaster deep fryer,2,887,0.23%,22.06
tilting pan,2,788,0.25%,10.98
stainless steel drawer,2,768,0.26%,23.17
teppanyaki bbq,2,738,0.27%,18.93
washtech gm,2,722,0.28%,24.85
bratt pan price,2,720,0.28%,7
restaurant equipment rental,2,720,0.28%,16.65
gas vs electric oven,2,701,0.29%,12.47
hot bar,2,692,0.29%,12.38
vita prep 3,2,648,0.31%,28.55
glass cake display,2,590,0.34%,10.64
teppanyaki grill for home,2,582,0.34%,15.73
polar upright freezer,2,577,0.35%,10.98
rent restaurant equipment,2,570,0.35%,17.87
electric benchtop hot plates,2,567,0.35%,14.3
commercial kitchen for lease,2,563,0.36%,13.82
electrolux air o steam,2,553,0.36%,9.83
sydney road restaurants,2,542,0.37%,14.79
xlvi coffee machine,2,530,0.38%,11.23
commercial orange juice machine,2,522,0.38%,10.99
ambient cabinet,2,519,0.39%,7.05
market place fresh,2,517,0.39%,15.05
ambient glass display cabinet,2,507,0.39%,9.36
commercial frozen yoghurt machine,2,499,0.4%,33.31
electric noodle cooker,2,489,0.41%,8.24
perfect fry,2,485,0.41%,12.2
second hand refrigerated display cabinets,2,477,0.42%,4.64
ceado es700,2,474,0.42%,28.41
orange machine,2,466,0.43%,6.1
mahlkonig e65s,2,449,0.45%,16.63
sw-1025,2,446,0.45%,8.35
2 burner chargrill,2,445,0.45%,15
rent kitchen equipment,2,426,0.47%,16.29
bench top stoves,2,416,0.48%,10.09
frozen yogurt machine commercial,2,411,0.49%,21.14
merrychef connex 12,2,386,0.52%,12.54
undercover roasters abbotsford,2,359,0.56%,9.13
iarp freezer,2,320,0.62%,16.75
used commercial refrigerator for sale,2,317,0.63%,4.33
musso ice cream machine,2,315,0.63%,22.29
bain marie price,2,313,0.64%,13.29
roband milkshake maker,2,312,0.64%,36.96
e31d4,2,307,0.65%,33.14
nicholas fenech,2,305,0.66%,7.97
kitchen for lease,2,301,0.66%,13.64
8 burner commercial stove,2,298,0.67%,27.85
t-3m53058,2,296,0.68%,10.37
chef master salad spinner,2,281,0.71%,25.13
cossiga bain marie,2,274,0.73%,8.32
zumex juicer,2,271,0.74%,18.01
finance commercial kitchen equipment,2,270,0.74%,21.29
integrated ice maker australia,2,270,0.74%,23.75
rent to buy catering equipment,2,269,0.74%,25.56
skope 2 door freezer,2,265,0.75%,17.88
gas deck oven,2,262,0.76%,10.44
fastfri ff18,2,261,0.77%,12.04
display cabinet cafe,2,255,0.78%,8.77
6 burner gas cooktop with oven,2,246,0.81%,10.97
hamilton beach milkshake maker,2,246,0.81%,12.67
cafe display cabinets,2,244,0.82%,23.97
butcherquip biltong cabinet,2,236,0.85%,10.44
focaccia toaster,2,234,0.85%,3.41
ambient pastry display,2,233,0.86%,12.38
brullen i91,2,230,0.87%,10.27
kees van der westen speedster,2,230,0.87%,12.65
bromic refrigeration,2,225,0.89%,24.57
solid ice cube maker,2,223,0.9%,11.33
roband griddle,2,223,0.9%,23.06
combi vs convection oven,2,221,0.9%,8
pasmo pascal,2,221,0.9%,9.09
woodson bain marie,2,220,0.91%,24.45
hanging heat lamp,2,217,0.92%,24.46
hamilton beach blender,2,215,0.93%,25.88
lease catering equipment,2,213,0.94%,19.37
single deck electric oven,2,210,0.95%,35.62
wega urban 3 group,2,209,0.96%,3.67
alto shaam warmer,2,198,1.01%,11.18
equipment needed for a coffee shop,2,198,1.01%,18.08
upright storage fridge,2,196,1.02%,7.78
fresh orange juice machine,2,195,1.03%,8.58
dishwasher with free installation,2,192,1.04%,9.34
factors to consider when buying small kitchen tools and equipment,2,190,1.05%,3.13
rental kitchen equipment,2,190,1.05%,9.22
hoshizaki im-30cne-25,2,187,1.07%,17.4
adande freezer drawer,2,184,1.09%,9.12
restaurant equipment lease,2,182,1.1%,5.59
robot coupe grater attachment,2,177,1.13%,17.94
duck oven,2,174,1.15%,39.56
second hand commercial deep fryer,2,172,1.16%,12.15
goldstein electric griddle,2,171,1.17%,9.47
polar fridge,2,170,1.18%,27.78
teppanyaki grill commercial,2,165,1.21%,7.16
combi oven vs oven,2,163,1.23%,11.05
aristarco dishwasher,2,156,1.28%,11.04
tce1000n,2,155,1.29%,11.9
catering equipment leasing,2,154,1.3%,10.77
chicken rotisserie machine,2,154,1.3%,55.95
lease ice cream machine,2,152,1.32%,6.46
teppanyaki bbq grill,2,148,1.35%,11.57
3 door commercial fridge second hand,2,146,1.37%,6.53
exquisite vaccine fridge,2,146,1.37%,9.99
unox speed x,2,142,1.41%,8.55
in bench induction cooktop,2,142,1.41%,9.98
rational combimaster plus,2,142,1.41%,13.84
hoshizaki upright freezer,2,142,1.41%,22.25
orved evox 30,2,141,1.42%,13.34
la marzocco gs3,2,139,1.44%,23.03
what is a combination oven,2,138,1.45%,18.25
bain marie nearby,2,133,1.5%,11.23
roband g700,2,131,1.53%,33.63
second hand commercial fridges for sale melbourne,2,130,1.54%,7.25
cafe display case,2,130,1.54%,8.37
rent to own appliances,2,122,1.64%,20.42
equipment needed to start a coffee shop,2,119,1.68%,18.3
panasonic microwave nn-sf57qs,2,118,1.69%,9.74
htr160,2,116,1.72%,3.45
la marzocco 3av,2,116,1.72%,7.64
commercial kitchen equipment for rent,2,113,1.77%,11.98
make up air for commercial kitchen hoods,2,112,1.79%,23.87
cafe needs,2,102,1.96%,16
cuppone pizza oven,2,98,2.04%,8.77
tme1000n-a,2,92,2.17%,20.92
e65s,2,91,2.2%,12.09
xlvi coffee machine price,2,90,2.22%,11.31
bromic bar fridge,2,90,2.22%,27.09
speedster coffee machine,2,89,2.25%,8.82
robot coupe whisk attachment,2,87,2.3%,7.13
oven vs combi oven,2,85,2.35%,9.19
teppanyaki grill bbq,2,83,2.41%,8
pozzetti gelato,2,83,2.41%,12.93
automatic orange juice machine,2,81,2.47%,5.01
rational self cooking center 5 senses,2,79,2.53%,10.1
fryer clean out rod,2,79,2.53%,42.62
crem ex3,2,76,2.63%,53.37
giorik salamander,2,75,2.67%,10.19
miss baker mixer,2,75,2.67%,14.35
best food sydney road,2,73,2.74%,7.08
dean sr114e,2,73,2.74%,11.71
large teppanyaki grill,2,72,2.78%,7.54
adler dishwasher manual,2,71,2.82%,7.24
under bar chiller,2,71,2.82%,8.86
trolley oven,2,71,2.82%,41.14
anets deep fryer,2,69,2.9%,25.14
flexi cutter blender,2,68,2.94%,6.9
schnitzel flattener,2,67,2.99%,17.21
roband grill sheets,2,67,2.99%,25.76
mecnosud sp 60,2,66,3.03%,5.56
bain marie good guys,2,66,3.03%,9.67
eht8g,2,64,3.12%,5.44
gelmatic ice cream machine,2,61,3.28%,17.07
coldline a70/1be,2,60,3.33%,7.55
f8400,2,60,3.33%,10.92
teppanyaki equipment,2,60,3.33%,25.53
la marzocco coffee machine,2,60,3.33%,33.48
sink requirements for restaurants,2,57,3.51%,8.18
zanussi glass washer,2,57,3.51%,8.53
bernardi miss baker price,2,56,3.57%,4.91
e65 gbw,2,54,3.7%,11.28
fiorenzato f64,2,54,3.7%,18.35
sigma spz40,2,53,3.77%,8.08
refurbished commercial freezer,2,52,3.85%,14.88
commercial kitchen equipment leasing company,2,52,3.85%,27.1
ice cream shop supplies,2,51,3.92%,12.37
rent to own oven,2,50,4%,3.44
t-3m53015-c,2,50,4%,14.44
8030170,2,49,4.08%,12.35
meal prep machine,2,48,4.17%,13.06
how many sinks does a restaurant need,2,46,4.35%,6.15
small teppanyaki grill,2,45,4.44%,6.76
rent bakery equipment,2,45,4.44%,8.11
brema cb640a,2,45,4.44%,20.96
bar fridge 2nd hand,2,44,4.55%,10.36
polar bar fridge,2,44,4.55%,34.07
winterhalter gs 630,2,43,4.65%,16.98
used drink fridge for sale,2,42,4.76%,9.81
arneg sendai,2,40,5%,7.72
unox speed compact eco,2,39,5.13%,11.56
f8400 winterhalter,2,38,5.26%,10.29
rational icp101,2,38,5.26%,21.18
3monkeez pre rinse,2,37,5.41%,8.7
hoshizaki freezer,2,37,5.41%,33.3
cascade chocolate fountain,2,37,5.41%,40.16
unox ultraplus,2,36,5.56%,8.67
give two factors to consider when purchasing kitchen essentials,2,33,6.06%,2.61
bbq teppanyaki,2,33,6.06%,22.06
rational combi oven price,2,31,6.45%,14.61
waffle jaffle maker,2,30,6.67%,8.87
used 2 door commercial refrigerator,2,30,6.67%,32.33
shop fridges for sale second hand,2,28,7.14%,4.43
kitchen exhaust makeup air,2,28,7.14%,10.18
walk in blast freezer,2,28,7.14%,12.14
teppanyaki flat top grill,2,27,7.41%,6.89
pozzetti freezer,2,25,8%,7.84
second hand drink fridge,2,25,8%,8.72
square ice machine,2,24,8.33%,4.46
convotherm,2,24,8.33%,12.96
anvil grill,2,23,8.7%,10.91
cuppone pizzaform,2,22,9.09%,6.64
commercial kitchen make up air unit,2,21,9.52%,19.1
rational water filter,2,20,10%,25.55
mavam mach 2,2,19,10.53%,8.74
moretti forni s120,2,19,10.53%,12.89
unox arianna oven price,2,19,10.53%,19.32
kitchen equipment for lease,2,19,10.53%,24.63
musso mini,2,18,11.11%,14.33
ice cream shop equipment for sale,2,17,11.76%,4.29
f100e,2,17,11.76%,5
commercial dishwasher for sale,2,17,11.76%,55.94
hire ice cream freezer,2,16,12.5%,5
unox detergent and rinse,2,16,12.5%,7.44
bianchi vending coffee machine,2,16,12.5%,11.94
alex aldis,2,15,13.33%,3.4
under counter fridge second hand,2,15,13.33%,5.93
used shop fridge for sale,2,14,14.29%,6.29
tomato huller,2,13,15.38%,7.69
king edward majesty potato oven,2,13,15.38%,8
commercial pizza oven for rent,2,13,15.38%,39.69
lease pizza oven,2,12,16.67%,22.67
flexi catering,2,11,18.18%,2.55
rational oven water filter,2,11,18.18%,4.27
fkuv 1663,2,10,20%,9.5
orange juice machine zumex,2,10,20%,25
horno mixto,2,8,25%,2
magister kappa,2,8,25%,12.88
hamilton beach juicer,2,4,50%,1
used hobart mixer for sale,2,4,50%,1.25
delight 20,2,4,50%,3.5
reconditioned display fridge,2,3,66.67%,1.67
electric pomegranate juicer,2,3,66.67%,12.33
static ice,1,15510,0.01%,7.95
commercial deep fryer,1,7155,0.01%,45.49
soft serve ice cream machine,1,6438,0.02%,20.7
commercial ice cream machine,1,6097,0.02%,24.79
commercial fridges,1,5383,0.02%,61.09
orange juice machine,1,5258,0.02%,14.42
commercial combi oven,1,4812,0.02%,34.18
commercial glass washer,1,4657,0.02%,46.4
commercial ice machine,1,4441,0.02%,48.42
blast freezer,1,4090,0.02%,65.23
waffle maker,1,3881,0.03%,40.93
deep fryers,1,3574,0.03%,59.22
ice cube maker,1,3503,0.03%,46.4
best commercial coffee machine,1,3240,0.03%,57
commercial kitchen equipment melbourne,1,3236,0.03%,34.12
commercial fridges melbourne,1,3058,0.03%,35.85
salamander grill,1,2908,0.03%,40.55
commercial freezer melbourne,1,2589,0.04%,50.55
commercial fridge for sale,1,2526,0.04%,41.99
commercial food equipment,1,2421,0.04%,54.66
commercial fridge freezer,1,2389,0.04%,46.65
spiral mixer,1,2338,0.04%,66.31
commercial conveyor toaster,1,2291,0.04%,43.73
noodle cooker,1,2276,0.04%,15.79
ice cube machine,1,2271,0.04%,23.35
dough roller,1,2267,0.04%,38.05
onion slicer,1,2019,0.05%,14.18
upright display freezer,1,1828,0.05%,28.94
pass through dishwashers,1,1803,0.06%,51.68
ambient food display,1,1706,0.06%,18.69
cafe display cabinet,1,1686,0.06%,14.71
used commercial kitchen equipment,1,1649,0.06%,30.36
6 burner gas stove,1,1601,0.06%,20.8
supermarket display fridge,1,1581,0.06%,16.24
under bench fridge,1,1543,0.06%,47.68
meat slicers,1,1516,0.07%,67.8
soft serve machine commercial,1,1507,0.07%,26.89
unox,1,1456,0.07%,16.04
commercial bratt pan,1,1419,0.07%,27.76
vaccine fridges,1,1408,0.07%,65.55
commercial kitchen glass washer leasing,1,1364,0.07%,21.66
rent to own dishwasher,1,1352,0.07%,29.78
commercial pie oven,1,1343,0.07%,24.67
chip dump,1,1299,0.08%,20.34
industrial dishwasher,1,1277,0.08%,70.84
winterhalter glass washer,1,1210,0.08%,20.88
robot coupe food processor,1,1145,0.09%,29.73
gelato display freezer,1,1130,0.09%,43.09
orange juicer electric,1,1120,0.09%,16.4
food machine,1,1114,0.09%,9.59
conveyor oven,1,1111,0.09%,43.69
steam cabinet,1,1084,0.09%,26.83
robot coupe juicer,1,1074,0.09%,22.39
washtech m2,1,1057,0.09%,24.59
undercounter fridge,1,1052,0.1%,65.28
equipment in kitchen,1,1020,0.1%,19.69
coffee equipment list,1,1017,0.1%,21.61
robot coupe blixer,1,1010,0.1%,24.91
commercial beverage dispenser,1,997,0.1%,46.38
bar refrigeration,1,996,0.1%,11.65
food display case,1,990,0.1%,15.9
glass food display,1,989,0.1%,6.93
glass door vs solid door refrigerator,1,989,0.1%,66.34
pastry display cabinet,1,977,0.1%,24.98
commercial equipment,1,966,0.1%,57.46
teppanyaki plate,1,961,0.1%,39.74
ambient cake display cabinet,1,959,0.1%,9.14
commercial kitchen refrigerator melbourne,1,956,0.1%,30.44
hot food display bain marie,1,951,0.11%,26.57
kitchen equipments,1,949,0.11%,41.52
commercial ice maker for sale,1,929,0.11%,48.44
biltong cabinet,1,924,0.11%,11.68
bain marie pan,1,921,0.11%,14
baymarie,1,917,0.11%,23.29
dry aging fridge,1,913,0.11%,21.75
kitchen equipment second hand,1,898,0.11%,29.07
commercial ice cream,1,894,0.11%,11.88
tepanyaki grill,1,877,0.11%,36.11
commercial catering equipment melbourne,1,867,0.12%,44.63
fastfri,1,857,0.12%,24.52
soft serve machine for sale,1,851,0.12%,42.4
2 burner cooktop,1,850,0.12%,23.63
bain marie food,1,846,0.12%,9.54
hospitality equipment leasing,1,837,0.12%,16.97
cold bain marie counter top,1,814,0.12%,19.89
equipment needed for coffee shop,1,794,0.13%,23.88
commercial fridges sydney,1,783,0.13%,67.41
food display warmer,1,768,0.13%,36.62
food bain marie,1,761,0.13%,13.26
deli slicer,1,760,0.13%,59.6
pizza prep fridge for sale,1,753,0.13%,51.7
8 burner stove,1,749,0.13%,10.91
panasonic nn-sf57qs,1,732,0.14%,9.98
underbench fridge,1,727,0.14%,47.9
commercial dishwasher hire,1,715,0.14%,33.61
commercial benchtop deep fryer,1,710,0.14%,59.96
pastry cabinet,1,705,0.14%,9.53
bbq stands,1,703,0.14%,16.08
electric fryer commercial,1,673,0.15%,46.44
sushi fridge,1,666,0.15%,17.95
glass washer commercial,1,665,0.15%,51.21
gas teppanyaki plate,1,664,0.15%,63.23
commercial pot washers,1,658,0.15%,7.62
turbochef oven,1,643,0.16%,19.97
bain marie warmer,1,617,0.16%,16.54
single wok burner,1,614,0.16%,51.92
underbar refrigeration,1,613,0.16%,48.57
batch freezer,1,605,0.17%,29.48
brema cb425a,1,598,0.17%,23.63
brad pan,1,596,0.17%,6.56
second hand commercial,1,588,0.17%,6.14
6 burner,1,578,0.17%,6.29
irinox blast chiller,1,576,0.17%,29.81
split pan fryer,1,574,0.17%,25.14
2 burner induction cooktop,1,572,0.17%,23.93
inomak freezer,1,572,0.17%,32.84
bianchi gaia,1,570,0.18%,17.49
bratt pan for sale,1,564,0.18%,27.32
6 burner stove,1,563,0.18%,10.23
asia-115,1,550,0.18%,6.83
deck oven for sale,1,550,0.18%,31.9
commercial kitchen finance,1,546,0.18%,21.1
hospitality equipment rental,1,543,0.18%,11.26
second hand commercial fridges sydney,1,540,0.19%,7.41
dough roller machine,1,540,0.19%,52.04
merrychef,1,537,0.19%,52.48
hot dog maker,1,529,0.19%,50.19
benchtop induction cooker,1,526,0.19%,10.71
island display fridge,1,510,0.2%,6.57
zanussi dishwasher,1,503,0.2%,11.8
induction wok burner,1,499,0.2%,11.13
meat aging fridge,1,494,0.2%,24.9
rapid oven,1,493,0.2%,30.47
roband toaster,1,481,0.21%,52.88
bain marie target,1,476,0.21%,10.22
commercial kitchen rental,1,472,0.21%,30.62
la pavoni kube,1,468,0.21%,37.89
teppanyaki grill top,1,466,0.21%,4.57
bar refrigerator,1,466,0.21%,9.58
coffee machine equipment list,1,460,0.22%,29.45
metcash expo 2025,1,455,0.22%,10.26
bains marie,1,453,0.22%,8.5
glass chiller,1,451,0.22%,21.08
tilting bratt pan,1,450,0.22%,8.37
butter roller,1,449,0.22%,11.55
bain maries for sale,1,443,0.23%,30.14
island chest freezer,1,438,0.23%,10.56
second hand catering fridges for sale,1,432,0.23%,3.93
restaurant equipment loans,1,432,0.23%,53.06
supermarket fridges,1,429,0.23%,28.72
juice machine,1,427,0.23%,12.65
commercial coffee grinder for sale,1,427,0.23%,15.14
eswood sw400,1,427,0.23%,30.64
bratpan,1,426,0.23%,13.24
bain marie cold,1,425,0.24%,28.44
commercial coffee machine rent,1,423,0.24%,31.28
commercial kitchen exhaust canopy,1,420,0.24%,65.03
glass chest freezer,1,419,0.24%,23.07
nikos quality cakes,1,418,0.24%,10.11
combi oven stand,1,418,0.24%,17.54
how many sinks should a commercial kitchen have,1,413,0.24%,7.08
commercial juice dispenser,1,411,0.24%,38.65
lease to own restaurant equipment,1,409,0.24%,6.31
skope refrigeration,1,408,0.25%,39.65
commercial pass through dishwasher,1,406,0.25%,95.94
perfect fryer company,1,402,0.25%,13.72
robot coupe j80,1,399,0.25%,29.02
ice cream display freezer australia,1,397,0.25%,28.48
kitchen equipment melbourne,1,394,0.25%,42.65
how many sinks are needed in a commercial kitchen,1,389,0.26%,6.75
mini pie warmer,1,388,0.26%,43.63
turbofan e31d4,1,385,0.26%,29.75
anvil oven,1,379,0.26%,28.21
upright fridge freezer combo,1,378,0.26%,20.74
vegetable preparation machine,1,375,0.27%,36.23
adler dishwasher,1,373,0.27%,16.16
puqpress m5,1,370,0.27%,18.54
commercial kitchen range,1,370,0.27%,39.57
commercial food processor,1,368,0.27%,71.98
used commercial kitchen equipment melbourne,1,363,0.28%,34.5
bench top cooker,1,362,0.28%,19.53
proover,1,357,0.28%,13.87
double induction cooktop,1,356,0.28%,15.18
gelato display,1,356,0.28%,37.2
steamhammer coffee machine,1,354,0.28%,16.05
display bench,1,351,0.28%,8.08
metcash expo,1,351,0.28%,11.59
rent for keep,1,350,0.29%,18.74
factors to consider when purchasing food and beverage service equipment,1,347,0.29%,19.78
bain marie refrigerator,1,345,0.29%,11.08
ecomax 404,1,343,0.29%,27.18
skope od400,1,338,0.3%,11.83
6 burner oven,1,332,0.3%,9.04
mecnosud spiral mixer,1,332,0.3%,29.4
knife sterilizer,1,331,0.3%,10.95
pizza prep bench,1,330,0.3%,55.91
bench cooktop,1,329,0.3%,5.84
commercial cooking equipment rental,1,329,0.3%,30.27
sydney road food,1,326,0.31%,8.29
synesso,1,325,0.31%,24.77
second hand pizza prep fridge,1,323,0.31%,13.11
glass washer for bar,1,320,0.31%,38.2
ice cream freezer rental,1,318,0.31%,8.4
hoshizaki ice maker,1,314,0.32%,39.25
bbq teppanyaki plate,1,303,0.33%,19.32
self serve hot food display,1,301,0.33%,21.73
ambient display units,1,301,0.33%,36.64
robot coupe planetary mixer,1,301,0.33%,50.23
novachill,1,300,0.33%,6.15
ice cream chest freezer rental,1,300,0.33%,12.35
eswood es50,1,299,0.33%,17.12
market fresh,1,297,0.34%,6.67
gam pizza oven,1,288,0.35%,16.21
fryer oil filter,1,288,0.35%,50.03
electric deck ovens,1,287,0.35%,22.31
hot dog cooker,1,287,0.35%,52.12
electric rotisseries,1,287,0.35%,77.25
unox arianna oven,1,281,0.36%,22.14
orange juicer commercial,1,278,0.36%,14.03
od400,1,277,0.36%,8.26
electric teppanyaki plate,1,277,0.36%,30.1
food machines,1,276,0.36%,9.36
ceado juicer,1,276,0.36%,11.21
gm1000lbcas,1,275,0.36%,14.41
noaw meat slicer,1,275,0.36%,34.02
skope upright freezer,1,274,0.36%,22.76
la marzocco,1,274,0.36%,42.41
chest freezer glass top,1,273,0.37%,17.56
commercial ice cream machine rental,1,272,0.37%,4.47
brett pan,1,271,0.37%,3.96
scope fridge,1,271,0.37%,38.91
second hand upright freezer,1,269,0.37%,12.93
glass door chest freezer,1,267,0.37%,9.03
commercial kitchen equipment leasing,1,266,0.38%,36.41
combi oven vs convection,1,264,0.38%,12.44
dean deep fryer,1,263,0.38%,14.51
ek43s,1,262,0.38%,12.76
classeq dishwasher,1,261,0.38%,23.62
glass pastry display,1,260,0.38%,6.58
eswood rinse pump,1,260,0.38%,27.57
cafe cabinet,1,259,0.39%,8.54
gelato making machine,1,258,0.39%,58.56
drawer freezer,1,257,0.39%,17
brullen i26,1,255,0.39%,8.85
anvil planetary mixer,1,254,0.39%,8.34
rent to own appliances australia,1,254,0.39%,28.55
kitchen equipment financing,1,250,0.4%,28.6
dry ager,1,247,0.4%,45.54
display fridge commercial,1,245,0.41%,59.84
inomak fridge,1,244,0.41%,14.04
fish cooker,1,241,0.41%,9.36
restaurant equipment for rent,1,241,0.41%,21.06
commercial kitchen hire,1,240,0.42%,21.17
cake display case,1,238,0.42%,12.81
induction benchtop cooker,1,236,0.42%,8.04
king edward potato oven,1,236,0.42%,10.91
refrigeration commercial,1,236,0.42%,12.61
pie warmer oven,1,236,0.42%,16.26
lease commercial kitchen,1,235,0.43%,23.15
fish plate,1,234,0.43%,21.17
benchtop display cabinet,1,232,0.43%,19.04
shock freezer,1,231,0.43%,58.43
skope rf7.ubr.3.sd,1,228,0.44%,8.32
softserve machine,1,228,0.44%,27.79
soft serve ice cream machine rental,1,225,0.44%,15.06
sydney road brunswick restaurants,1,222,0.45%,19.23
countertop hot food display,1,222,0.45%,26.9
open fridge display,1,222,0.45%,32.82
tepenyaki grill,1,221,0.45%,9.86
salamander for sale australia,1,220,0.45%,8.42
bromic upright freezer,1,217,0.46%,28.27
cold bain maries,1,216,0.46%,11.53
ice cream machine rental,1,215,0.47%,7.45
induction cooktop benchtop,1,213,0.47%,6.56
double deck pizza oven,1,213,0.47%,16.37
3 group coffee machine,1,211,0.47%,38.79
used commercial ice maker,1,211,0.47%,43.89
commercial kitchen for lease melbourne,1,210,0.48%,11.4
anvil toaster,1,209,0.48%,6.77
56.00,1,208,0.48%,9.38
single head coffee machine,1,208,0.48%,13.25
mini immersion blender,1,204,0.49%,17.85
stove benchtop,1,202,0.5%,8.07
teppanyaki pan,1,202,0.5%,15.36
food prep fridge,1,201,0.5%,22.3
robatherm urn,1,201,0.5%,50.15
electrolux combi oven air o steam,1,200,0.5%,7.42
bakery equipment finance,1,199,0.5%,9.23
equipment needed for a cafe,1,199,0.5%,15.89
panasonic nn sf57qs,1,198,0.51%,10.82
ab-cs-b,1,198,0.51%,12.58
dry age meat fridge,1,197,0.51%,22.88
bench stove,1,196,0.51%,8.54
eswood glass washer,1,196,0.51%,66.7
large pie warmer,1,194,0.52%,16.54
bakertop oven,1,194,0.52%,16.72
skope rf7.upr.2.sd,1,194,0.52%,18.48
robot coupe mp800,1,192,0.52%,16.03
mazzer super jolly manual,1,192,0.52%,22.18
commercial bain marie food warmer,1,188,0.53%,22.27
t-3m53058-c,1,187,0.53%,10.28
biltong box,1,187,0.53%,42.67
victoria arduino black eagle,1,185,0.54%,14.42
woodson deep fryer,1,183,0.55%,28.11
robot coupe mini mp 190 v.v,1,182,0.55%,23.85
evox 30 vacuum sealer,1,182,0.55%,28.79
birko urn 10l,1,180,0.56%,23.24
ek43 grinder,1,179,0.56%,26.09
fv-45,1,178,0.56%,15.04
rational heat shield,1,178,0.56%,33.69
commercial ovens for home,1,177,0.56%,81.47
skope hb85,1,176,0.57%,7.91
roband hot dog machine,1,174,0.57%,30.49
hallde rg-100,1,173,0.58%,25.27
anvil ick3500 induction cooker,1,173,0.58%,42.36
renting kitchen equipment,1,172,0.58%,8.74
best pizza conveyor oven,1,172,0.58%,23.25
la marzocco pb,1,171,0.58%,15.04
roband g500,1,171,0.58%,47.56
unox anna oven,1,171,0.58%,50.05
baby brullen ice cream machine,1,170,0.59%,11.46
2 burner grill,1,170,0.59%,18.54
market place parkmore,1,168,0.6%,11.54
kitchen equipment hire,1,168,0.6%,27.13
what is make up air,1,167,0.6%,9.95
bain marie lids,1,167,0.6%,12.03
gas stove and oven,1,166,0.6%,1.03
noodle blancher,1,166,0.6%,8.49
bianchi coffee machine,1,166,0.6%,16.78
mazzer mini manual,1,166,0.6%,21.75
pendant heat lamps,1,166,0.6%,53.72
nikos cakes oakleigh,1,165,0.61%,9.82
commercial benchtop oven,1,164,0.61%,14.89
food preparation machine,1,163,0.61%,36.56
rational self cooking center,1,162,0.62%,16.98
spidocook toaster,1,160,0.62%,5.58
hamilton beach jug,1,160,0.62%,17.06
juicer orange,1,157,0.64%,15.12
anvil panini press,1,157,0.64%,15.84
goldstein 6 burner gas oven,1,156,0.64%,14.18
electric teppanyaki grill australia,1,155,0.65%,10.55
portable teppanyaki grill,1,155,0.65%,12.15
orange juicing machine,1,155,0.65%,14.15
valmar machine,1,154,0.65%,8.68
hb85,1,152,0.66%,4.68
robot coupe r2,1,152,0.66%,66.73
synesso s200,1,151,0.66%,25.01
deck oven australia,1,151,0.66%,33.01
brullen i26 pro twin,1,150,0.67%,7.99
la marzocco linea 3av,1,150,0.67%,25.47
second hand kitchen supplies,1,150,0.67%,35.07
oven stand,1,149,0.67%,22.64
wine fridge display,1,149,0.67%,48.13
unox convection oven,1,148,0.68%,30
benchtop hotplates,1,147,0.68%,19.57
2nd hand bar fridge,1,146,0.68%,10.92
make up air system,1,145,0.69%,14.68
luus griddle,1,144,0.69%,10.33
combi oven for home,1,144,0.69%,77.97
williams glass chiller,1,142,0.7%,9.8
yogurt machine commercial,1,142,0.7%,14.44
coffee shop inventory list,1,141,0.71%,9.1
unox cheftop combi oven,1,140,0.71%,31.61
best commercial oven,1,140,0.71%,45.69
3 door under bench fridge,1,140,0.71%,62.27
synesso 2 group,1,139,0.72%,8.02
e65gbw,1,139,0.72%,8.13
used commercial equipment,1,139,0.72%,26.46
fiorenzato f4 nano,1,138,0.72%,25.06
asia 115,1,137,0.73%,6.74
ff18 fryer,1,137,0.73%,16.66
6 burner commercial cooker,1,135,0.74%,42.82
industrial orange juicer,1,134,0.75%,11.16
birko microwave,1,134,0.75%,20.38
teppanyaki table,1,134,0.75%,29.76
tilting skillet,1,134,0.75%,31.2
orange juicer machine commercial,1,133,0.75%,9.01
countertop heated display,1,132,0.76%,17.86
luus noodle cooker,1,132,0.76%,21.28
zumex,1,131,0.76%,12.79
in bench cooktop,1,130,0.77%,7.92
turbochef australia,1,129,0.78%,9.5
winterhalter uc-s,1,129,0.78%,15.84
commercial catering equipment hire,1,129,0.78%,45.73
bayer marie,1,127,0.79%,13.39
second hand commercial fridges for sale sydney,1,126,0.79%,17.15
ice cream machine lease,1,124,0.81%,5.29
bench top hot plates,1,124,0.81%,13.15
pasta blancher,1,123,0.81%,10.01
skope clearance,1,122,0.82%,11.33
coffee shop essentials,1,122,0.82%,47.55
hare and hatter,1,121,0.83%,21.21
anvil conveyor toaster,1,120,0.83%,9.26
gas salamander grill,1,120,0.83%,10.16
rent a kitchen,1,120,0.83%,47.43
how many sinks do you need in a commercial kitchen,1,118,0.85%,6.22
second hand commercial refrigerator,1,118,0.85%,8.13
km-60c-hc,1,117,0.85%,8.47
wega compact 2 group,1,117,0.85%,14.68
second hand bar fridge near me,1,114,0.88%,10.08
counter top soft serve machine,1,114,0.88%,11.54
hotdog machine,1,114,0.88%,42.49
bakery steam oven,1,114,0.88%,75.27
winterhalter pt-m,1,113,0.88%,11.42
electric griddle,1,113,0.88%,79.57
stand for bbq,1,111,0.9%,8.9
cl 60 workstation,1,111,0.9%,31.26
tmf1000n-a,1,110,0.91%,9.42
commercial teppanyaki grill,1,110,0.91%,17.75
a15mc cleaning tablets,1,109,0.92%,10.84
classeq p500,1,109,0.92%,18.52
second hand commercial freezers for sale,1,109,0.92%,24.44
moretti forni spiral mixer,1,108,0.93%,11.24
tme650n-a,1,108,0.93%,11.57
steel drawer,1,108,0.93%,27.68
tepanyaki plate,1,108,0.93%,37.55
teppanyaki stove,1,107,0.93%,9.47
woodson induction cooktop,1,107,0.93%,11.41
foaming oven cleaner,1,107,0.93%,14.81
a15mc,1,107,0.93%,21.94
commercial 8 burner gas stove,1,106,0.94%,20.67
hobart mixer,1,106,0.94%,37.31
robot coupe cmp 300 vv,1,105,0.95%,12.47
slayer steam single,1,104,0.96%,9.22